{
  "scanID": "task2-demo-123",
  "cluster": "minikube",
  "summary": {
    "totalControls": 20,
    "failedControls": 4,
    "passedControls": 16
  },
  "controls": [
    {
      "controlID": "C-0012",
      "title": "Privileged Containers",
      "status": "failed",
      "severity": "critical",
      "description": "Some containers are running with privileged access."
    },
    {
      "controlID": "C-0023",
      "title": "Host Network Access",
      "status": "failed",
      "severity": "high",
      "description": "Containers have hostNetwork=true, which is risky."
    },
    {
      "controlID": "C-0055",
      "title": "Read-Only Filesystem",
      "status": "failed",
      "severity": "medium",
      "description": "Containers should have readOnlyRootFilesystem enabled."
    },
    {
      "controlID": "C-0040",
      "title": "Resource Limits",
      "status": "failed",
      "severity": "low",
      "description": "Pods missing CPU and memory limits."
    }
  ]
}